Thomas,Louise ,ABBEVILLE CLOSE
Joshua,James ,ABBEY ROAD
Chloe,Elizabeth ,ABBOTS ROAD
Jack,John ,ACLAND ROAD
James,Jane ,ADDISON CLOSE
Emily,Marie ,ACCESS TO THE EXEBRIDGE CENTRE
Megan,David ,ALBERT STREET
Matthew,Thomas ,ALBERTA CRESCENT
Joseph,Michael ,BLACKBOY ROAD
Harry,William ,BLENHEIM ROAD
Lewis,Anthony ,BODLEY CLOSE
Daniel,Lee ,BONHAY ROAD
Georgia,Ann ,BONNINGTON GROVE
Luke,Anne ,BONVILLE CLOSE
Samuel,Robert ,BOVEMOORS LANE
William,Andrew ,BOWHAY LANE
Olivia,Paul ,BOWRING CLOSE
Alexander,Jayne ,BRANSCOMBE CLOSE
Lauren,Peter ,BRENTOR CLOSE
Callum,Mark ,BRIAR CRESCENT
Hannah,Joseph ,BRIDESPRING ROAD
Jessica,Jade ,BRIDFORD ROAD
Bethany,Edward ,BRITTEN DRIVE
Oliver,Mary ,BROADGATE
Charlotte,Alexander ,BROADMEADOW AVENUE
Sophie,Richard ,BROADWAY
Benjamin,Victoria ,BROADWAY HILL
Jordan,Stephen ,BRODICK CLOSE
Liam,Christopher ,CLARENCE ROAD
Lucy,Rose ,CLAYTON ROAD
Connor,Charles ,CLEVE ROAD
Adam,Daniel ,CLEVEDON CLOSE
George,George ,CLEVELAND STREET
Ryan,Leigh ,CLIFFORD CLOSE
Rebecca,Michelle ,CLIFFORD ROAD
Amy,Margaret ,CLIFTON HILL
Cameron,Leanne ,CLIFTON ROAD
Ellie,Alan ,CLIFTON STREET
Eleanor,Claire ,CLINTON AVENUE
Katie,Rebecca ,CLINTON STREET
Jake,Luke ,CLOISTER ROAD
Ethan,Sarah ,CODRINGTON STREET
Abigail,Ian ,COFTON ROAD
Jacob,Matthew ,COLERIDGE ROAD
Courtney,Charlotte ,COLLEGE AVENUE
Charlie,Alexandra ,COLLEGE ROAD
Kyle,Steven ,COLLETON CRESCENT
Leah,Martin ,COLLETON GROVE
Nathan,Alice ,EDINBURGH DRIVE
Holly,Emma ,BARTHOLOMEW STREET WEST
Caitlin,Kate ,HAYES BARTON COURT
Bradley,May ,BARTON ROAD
Shannon,Adam ,BEACON AVENUE
Emma,Francis ,BEAR STREET
Louis,Ashley ,BEAUFORT ROAD
Kieran,Patrick ,BEAWORTHY CLOSE
Grace,Frances ,BEDFORD STREET
Jade,Philip ,BEECH AVENUE
Brandon,Joanne ,BELGRAVE ROAD
David,Grace ,BELMONT ROAD
Jamie,Scott ,BELVIDERE ROAD
Phoebe,Danielle ,BENNETT SQUARE
Amelia,Clare ,BERKSHIRE DRIVE
Edward,Lewis ,BETTYS MEAD
Erin,Hannah ,BEVERLEY CLOSE
Molly,Helen ,BICTON PLACE
Morgan,Nicholas ,BINFORD CLOSE
Robert,Ellen ,BISHOP WESTALL ROAD
Ben,Benjamin ,BLACKALL ROAD
Ella,Jean ,CAMELOT CLOSE
Natasha,Jonathan ,CANBERRA CLOSE
Anna,Brian ,CANTERBURY ROAD
Mohammed,Emily ,CARLTON ROAD
Nicole,Catherine ,CARLYON CLOSE
Jasmine,Lauren ,CARLYON GARDENS
Charles,Antony ,CASTLE STREET
Dylan,Amy ,CATHEDRAL CLOSE
Alice,Laura ,CATHEDRAL YARD
Michael,Henry ,CATHERINE STREET
Rachel,Ruth ,CAVENDISH ROAD
Aaron,Stuart ,CECIL ROAD
Laura,Maria ,CEDARS ROAD
Niamh,Oliver ,CELIA CRESCENT
Imogen,Samuel ,CENTRAL AVENUE
Reece,Aaron ,CHAMBERLAIN ROAD
Max,Leslie ,CHANCELLORS WAY
Isobel,Liam ,CHAPEL ROAD
Sam,Ryan ,CHAPEL STREET
Andrew,Craig ,COLLETON HILL
Christopher,Wyn ,COLLETON ROW
John,Faye ,COLLINS ROAD
Elizabeth,Graham ,COMMERCIAL ROAD
Joe,Patricia ,COMMINS ROAD
Sarah,Rachel ,CONRAD AVENUE
Alex,Kenneth ,CONYBEARE CLOSE
Alfie,Phillip ,COOMBE STREET
Harvey,Simon ,COPPLESTONE DRIVE
Lily,Harry ,CORDERY ROAD
Tyler,Lloyd ,CORN MILL CRESCENT
Bailey,Jack ,CORNWALL STREET
Declan,Jordan ,CORONATION ROAD
Harrison,Amanda ,COTFIELD STREET
Henry,Samantha ,COTTEY CRESCENT
Taylor,Susan ,COURTENAY ROAD
Freya,Neil ,COVENTRY ROAD
Lydia,Arthur ,COVERDALE ROAD
Maisie,Colin ,COWICK HILL
Mia,Joy ,COWICK LANE
Rhys,Dean ,EXE STREET
Patrick,Gary ,EXE VALE ROAD
Amber,Nicola ,EXTON ROAD
Owen,Nicole ,EXWICK HILL
Alexandra,Sian ,EXWICK ROAD
Millie,Frederick ,FAIRFAX GARDENS
Abbie,Wayne ,FAIRFIELD TERRACE
Aidan,Dawn ,FAIRHAZEL DRIVE
Aimee,Sean ,FAIRPARK CLOSE
Isaac,Georgina ,FAIRPARK ROAD
Jodie,Josephine ,FALKLAND CLOSE
Melissa,Raymond ,FELTRIM AVENUE
Zoe,Rhys ,FERNDALE ROAD
Ewan,Roy ,FERNPARK CLOSE
Harriet,Beth ,FILMER WAY
Poppy,Christina ,FINGLE CLOSE
Billy,Christine ,FIRST AVENUE
Elliot,Eric ,FLOWERPOT LANE
Elliott,Louisa ,FORDS ROAD
Mollie,Lucy ,HEATH ROAD
Victoria,Nathan ,HEATHER CLOSE
Corey,Gordon ,HEAVITREE PARK
Hollie,Christian ,HEAVITREE ROAD
Leon,Diane ,HELE ROAD
Shania,Jon ,HENSLEIGH DRIVE
Danielle,Kathleen ,HERBERT ROAD
Jonathan,Lea ,HERSCHELL ROAD
Kai,Ahmed ,HEXWORTHY AVENUE
Sean,Darren ,HIGH MEADOWS
Georgina,Frank ,HIGH STREET
Paige,Jay ,HIGH CROFT
Alisha,Owen ,HIGHCROSS ROAD
Daisy,Timothy ,HIGHER BARLEY MOUNT
Eve,Barry ,HIGHER HOOPERN LANE
Isabelle,Carl ,HIGHER KINGS AVENUE
Katherine,Douglas ,HILL CLOSE
Kayleigh,Keith ,HILL LANE
Natalie,Melissa ,HILLCREST PARK
Dominic,Jennifer ,HILLSBOROUGH AVENUE
Isabel,Jessica ,HILLSIDE AVENUE
Lucas,Lawrence ,HOKER ROAD
Maya,Natasha ,HOLLAND ROAD
Samantha,Russell ,HOLLOWAY STREET
Scott,Sophie ,HOLLY ROAD
Alicia,Stewart ,HOLNE RISE
Archie,Terence ,HOMEFIELD ROAD
Ashley,Eleanor ,HONEYLANDS DRIVE
Chelsea,Marc ,HONEYLANDS WAY
Jay,Ross ,HOOPERN AVENUE
Joel,Suzanne ,HOOPERN LANE
Lauryn,Albert ,HOOPERN STREET
Nicholas,Angela ,HOPE ROAD
Peter,Derek ,HOWARD CLOSE
Rosie,Howard ,HOWELL ROAD
Zachary,Katherine ,HURST AVENUE
Ebony,Kay ,IDDESLEIGH ROAD
Finlay,Kevin ,IDE LANE
India,Leah ,ILEX CLOSE
Libby,Olivia ,IMPERIAL STREET
Tia,Shaun ,IOLANTHE DRIVE
Toby,Beatrice ,IRIS AVENUE
Ashleigh,Jamie ,IRON BRIDGE
Eloise,Jo ,ISCA ROAD
Finn,Joshua ,ISLEWORTH ROAD
Isabella,Kathryn ,IVY CLOSE
Naomi,Mohammed ,JENNIFER CLOSE
Rebekah,Ronald ,JESMOND ROAD
Gabrielle,Ali ,JOHN LEVERS WAY
Kyra,Angharad ,JOHN STREET
Lois,Jason ,JUBILEE ROAD
Louise,Karen ,JUNIPER CLOSE
Niall,Leonard ,KENNERLEY AVENUE
Robyn,Lesley ,KENNFORD ROAD
Saskia,Allan ,KENT CLOSE
Yasmin,Barbara ,KERSWILL ROAD
Bethan,Caroline ,KESTOR DRIVE
Catherine,Edwin ,KILBARRAN RISE
Curtis,Eve ,KIMBERLEY ROAD
Gabriel,Rachael ,KING ARTHURS ROAD
Kian,Theresa ,KING EDWARD STREET
Paul,Denise ,LARCH ROAD
Stephanie,Dominic ,LARK CLOSE
Steven,Dorothy ,LARKBEARE ROAD
Casey,Francesca ,LATIMER ROAD
Faye,Gareth ,LAUREL ROAD
Gemma,Harriet ,LAWRENCE AVENUE
Marcus,Hussain ,LEBANON CLOSE
Martha,Joe ,LEGION WAY
Mason,Lisa ,LEIGHTON TERRACE
Sasha,Louis ,LETHBRIDGE ROAD
Tom,Megan ,LIFFEY RISE
Dean,Michaela ,LILAC ROAD
Esme,Rhiannon ,LIME KILN LANE
Finley,Stephanie ,LINCOLN ROAD
Heather,Alex ,LINFIELD GARDENS
Madeleine,Florence ,LINNET CLOSE
Mitchell,Glyn ,LITTLE CASTLE STREET
Mohammad,Jake ,LITTLE JOHNS CROSS HILL
Nicola,Joan ,LITTLE QUEEN STREET
Reuben,Lorraine ,LITTLE RACK STREET
Zak,Sebastian ,LYNWOOD AVENUE
Aiden,Trevor ,MADISON AVENUE
Beth,Alison ,MAGDALEN ROAD
Conor,Ashleigh ,MAGDALEN STREET
Elise,Daisy ,MAGNOLIA AVENUE
Fraser,Elisabeth ,MALLISON CLOSE
Iona,Fay ,MALVERN GARDENS
Jennifer,Gail ,MANDRAKE CLOSE
Kane,Geoffrey ,MANDRAKE ROAD
Lee,Hugh ,MANOR ROAD
Levi,Iqbal ,MANSFIELD ROAD
Mary,Warren ,MANSTON ROAD
Ross,Amber ,MANSTON TERRACE
Sebastian,Bibi ,MAPLE ROAD
Annabelle,Elaine ,MARDON HILL
Annie,Elise ,MARGARET ROAD
Daniella,Hayley ,MARKET STREET
Euan,Heather ,MARLBOROUGH ROAD
Felix,Jeffrey ,MARSH BARTON ROAD
Francesca,Lianne ,NEW BRIDGE STREET
Jason,Shane ,NEW NORTH ROAD
Keiran,Stanley ,NEW VALLEY ROAD
Muhammad,Amelia ,NEWCOMBE STREET
Oscar,Anna ,NEWHAYES CLOSE
Rhianna,Donald ,NEWLANDS CLOSE
Siobhan,Fiona ,NEWMAN COURT
Toni,Gregory ,NEWMAN ROAD
Abby,Holly ,NICHOLAS ROAD
Angel,Iain ,NORMANDY ROAD
Caleb,Ismail ,NORTH AVENUE
Cara,Joyce ,NORTH LAWN COURT
Christian,June ,NORTH PARK ROAD
Jed,Karl ,NORTH STREET
Josh,Lydia ,NORTH STREET
Kate,Lynn ,NORTHERNHAY PLACE
Kelly,Wynne ,NORTHERNHAY SQUARE
Kelsey,Abigail ,NORTHERNHAY STREET
Kieron,Adele ,NORWICH ROAD
Lara,Alistair ,NORWOOD AVENUE
Madeline,Annie ,PRINCE CHARLES ROAD
Rory,Bernard ,PRINCE OF WALES ROAD
Rowan,Bradley ,PRINCES SQUARE
Ruth,Bridget ,
Tobias,Bryan ,
Zain,Carol ,
Anthony,Clifford ,
Becky,Gemma ,
Clayton,Ibrahim ,
Cole,Janet ,
Elena,Julie ,
Elle,Katie ,
Frances,Kelly ,
Frederick,Levi ,
Kathryn,Marion ,
Lucie,Mitchell ,
Macy,Morgan ,
Mark,Nigel ,
Matilda,Paula ,
Maxwell,Sinead ,
Miles,Stacey ,
Rose,Teresa ,
Tilly,Vincent ,
Timothy,Wesley ,
Annabel,Yvonne ,
Benedict,Zoe ,
Brooke,Abdul ,
Bryony,Adrian ,
Calum,April ,
Emilia,Banu ,
Eva,Begum ,
Harris,Ben ,
Jasmin,Clive ,
Kimberley,Elliott ,
Kira,Haf ,
Kirsty,Huw ,
Kitty,Irene ,
Louie,Kimberley ,
Rhiannon,Kirsty ,
Richard,Lynne ,
Riley,Mair ,
Ruby,Mathew ,
Shauna,Mohamed ,
Simon,Pamela ,
Tamzin,Reece ,
Tristan,Robyn ,
Amie,Roxanne ,
Antonia,Siobhan ,
Anya,Alfred ,
Ava,Bernadette ,
Caitlyn,Cameron ,
Cerys,Dale ,
Ciaran,Deborah ,
Drew,Declan ,
Ellis,Edmund ,
Emilie,Gerard ,
Florence,Grant ,
Isla,Guy ,
Josephine,Isabel ,
Josie,Junior ,
Kaitlin,Kyle ,
Karl,Lily ,
Keaton,Malcolm ,
Keira,Martyn ,
Kiera,Maurice ,
Kurtis,Miles ,
Leona,Naomi ,
Louisa,Natalie ,
Maddison,Nathaniel ,
Madison,Norman ,
Muhammed,Rae ,
Nathaniel,Salim ,
Shaun,Sandra ,
Sian,Sheila ,
Sofia,Vaughan ,
Stephen,Walter ,
Sumayyah,Yakub ,
Tamsin,Yasmin ,
Zac,Alec ,
Abdul,Allen ,
Adrian,Austin ,
Alysha,Barrie ,
Andre,Bianca ,
Bethanie,Brett ,
Brendan,Chelsea ,
Catriona,Clwyd ,
Claudia,Ernest ,
Conner,Evelyn ,
Connie,Gerald ,
Dane,Hanif ,
Eric,Hazel ,
Fiona,Henrietta ,
Flynn,Jacob ,
Hayden,Jan ,
Hayley,Joel ,
Hope,Kim ,
Hugo,Lavinia ,
Jozef,Lillian ,
Leanne,Linda ,
Logan,Pauline ,
Lorna,Rhian ,
Meg,Rosalind ,
Rianne,Rosemary ,
Robbie,Sylvia ,
Sadia,Tobias ,
Sadie,Vanessa ,
Scarlett,Victor ,
Stuart,Alasdair ,
Summer,Annette ,
Syed,Carly ,
Syeda,Chantelle ,
Abbey,Connor ,
Anisha,Constance ,
April,Daryl ,
Arron,Dennis ,
Brandan,Dominique ,
Caine,Ebrahim ,
Carla,Eileen ,
Caroline,Gabriella ,
Cavan,Gillian ,
Charley,Harley ,
Claire,Harvey ,
Cody,Isabella ,
Craig,Jeanette ,
Eilidh,Katrina ,
Ellen,Kaur ,
Erica,Liane ,
Estelle,Lilian ,
Evan,Llewellyn ,
Farrah,Mae ,
Flora,Mai ,
Gabriella,Mohmed ,
Gracie,Muriel ,
Haris,Ray ,
Harley,Sara ,
Imojene,Sharon ,
Jackson,Simone ,
Jae,Stefan ,
Jasper,Terri ,
Jaydon,Tony ,
Jazmin,Tracy ,
Jemma,Valerie ,
Jordon,Veronica ,
Josef,Zara ,
Keeley,Akhtar ,
Kiran,Alastair ,
Lana,Allison ,
Lennon,Alun ,
Lia,Andrea ,
Liberty,Ann-marie ,
Macauley,Antonia ,
Macey,Anwar ,
Maia,Ashraf ,
Myles,Audrey ,
Nadia,Belinda ,
Natalia,Bethan ,
Nina,Blake ,
Nur,Brenda ,
Orla,Brendan ,
Philip,Bryn ,
Rafe,Callum ,
Reanne,Campbell ,
Robin,Carla ,
Savannah,Doreen ,
Shelby,Edith ,
Sophia,Elen ,
Tabitha,Ella ,
Tallulah,Elliot ,
Tara,Elspeth ,
Tegan,Erin ,
Troy,Fatima ,
Zara,Georgia ,
Aaliyah,Jackson ,
Adele,Jacqueline ,
Alfred,Jenna ,
Alistair,Joanna ,
Angus,Jonah ,
Billie-jo,Julia ,
Britney,Kauser ,
Callan,Kurt ,
Ciara,Laurence ,
Conal,Leon ,
Cora,Lois ,
Darci,Loraine ,
Darcy,Lorna ,
Darren,Lyn ,
Devon,Lynda ,
Eagan,Mubarak ,
Eden,Paris ,
Elissa,Robin ,
Fay,Sam ,
Guy,Spencer ,
Hamzah,Toni ,
Hasan,Wendy ,
Javen,Winston ,
Jaydan,Yunus ,
Jayde,Ada ,
Jemima,Aidan ,
Jorden,Aled ,
Justin,Alicia ,
Kara,Ami ,
Katrina,Anderson ,
Katy,Anita ,
Kaya,Antonio ,
Keenan,Arron ,
Keyon,Aston ,
Laila,Ayub ,
Leia,Beck ,
Maryam,Bonnie ,
Mathew,Camilla ,
Maximilian,Clair ,
Maximillian,Curtis ,
Neve,Davies ,
Owain,Debbie ,
Phillip,Debra ,
Rachael,Doris ,
Raiil,Eloise ,
Ralph,Eluned ,
Regan,Emrys ,
Rheanna,Ethan ,
Sacha,Faith ,
Saffron,Foster ,
Sana,Ga ,
Sereece-kiara,Gabriel ,
Simone,Gee ,
Sol,Geraldine ,
Sonny,Gwyn ,
Spencer,Harold ,
Talia,Harrison ,
Taya,Heath ,
Thea,Helena ,
Tiffany,Hope ,
Tomas,Imogen ,
Tommy,Isobel ,
Ty,Jeanne ,
Warren,Jesse ,
Yasmine,Jonathon ,
Zack,Julian ,
Aisling,Kausar ,
Alasdair,Kayleigh ,
Alastair,Kendall ,
Anais,Kerry ,
Ann,Kin ,
Aqeel,Kristian ,
Barnaby,Lindsey ,
Brady,Lucas ,
Brittany,Lynette ,
Brooklyn,Marcus ,
Byron,Maxine ,
Caitlin-anne,Maxwell ,
Cassius,Michele ,
Chantelle,Middleton ,
Charis,Minera ,
Coby,Muhammed ,
Courteney,Myles ,
Cydney,Nazir ,
Danny,Neville ,
Deana,Niamh ,
Elfreda,Noel ,
Ellena,Parry ,
Elspeth,Pearl ,
Emelia,Ralph ,
Emma-louise,Reginald ,
Emmie,Ria ,
Erron,Rory ,
Esther,Saleem ,
Frank,Sally ,
Frankie,Scarlett ,
Georgie,Theo ,
Hermione,Tomos ,
Hugh,Troy ,
Ibraheem,Usman ,
Iqra,Vera ,
Jahanara,Violet ,
Jai,Abbas ,
Jared,Abdullah ,
Javan,Agnes ,
Jayden,Aisling ,
Jenna,Alana ,
Jordyn,Alma ,
Joy,Amee ,
Kacey,Amie ,
Kaitlan,Antoinette ,
Katelyn,Armstrong ,
Kayla,Ashlea ,
Laurence,Ashton ,
Lawrence,Athena ,
Layla,Augustus ,
Leonie,Avalon ,
Leroy,Aziz ,
Lisa,Barrington ,
Lloyd,Basil ,
Luca,Belle ,
Lucia,Bethany ,
Mackenzie,Bin ,
Maddie,Binti ,
Mae,Bobby ,
Malikai,Bruce ,
Mckenzie,Chantal ,
Michelle,Chay ,
Nial,Cheryl ,
Nuala,Christy ,
Oakley,Clara ,
Rhea,Claudia ,
Roberta,Colette ,
Rosemary,Conan ,
Samira,Conrad ,
Shahla,Coral ,
Shanice,Crystal ,
Sharna,Darryl ,
Sinead,Desmond ,
Stan,Diana ,
Stanley,Dianna ,
Suhaib,Dilys ,
Tamanna,Donna ,
Tameka,Duncan ,
Theo,Dwayne ,
Tianna,Dylan ,
Todd,Eamonn ,
Trinity,Elena ,
Verity,Elin ,
Vienna,Ellis ,
Vincent,Elsie ,
Willow,Elyse ,
Xavier,Estelle ,
Zahrah,Eugene ,
Zakery,Fergus ,
Abbi,Fern ,
Abdullah,Francesco ,
Abigael,Gabrielle ,
Abu,Garry ,
Agnes,Gaynor ,
Aisha,Glen ,
Aishia,Graeme ,
Alanna,Griffin ,
Alannah,Gulam ,
Alexia,Gwilym ,
Alina,Habib ,
Amanda,Hamid ,
Amir,Hamilton ,
Amira,Herbert ,
Amme,Hollie ,
Amna,Hughes ,
Amy-jean,Hunter ,
Angharad,Iona ,
Aniqa,Ivan ,
Anne,Jafring ,
Aoife,Jasmin ,
Aran,Jefferson ,
Arthur,Jessie ,
Aurora,Johnathan ,
Benn,Jones ,
Blake,Josef ,
Bonnie,Kane ,
Brad,Kennedy ,
Braden,Khaled ,
Bria,Kieran ,
Brook,Kristina ,
Caillie,Kumar ,
Camron,Lailie ,
Carley,Llewelyn ,
Carly,Llyr ,
Carter,Lora ,
Carys,Lucinda ,
Cecily,Mahmood ,
Celine,Margerita ,
Chester,Marilyn ,
Cheyenne,Marjorie ,
Chloe-louise,Maud ,
Cian,Mavis ,
Cidney,Melvin ,
Clare,Mererid ,
Colin,Mohamad ,
Dannielle,Murray ,
Daren,Nadia ,
Daryl,Nadine ,
Deacon,Neal ,
Denver,Nikkita ,
Dervla,Norma ,
Devern,Oscar ,
Dillon,Padma ,
Dorothy,Parveen ,
Duncan,Pascal ,
Ebba,Phoebe ,
Eireann,Pierce ,
Elisha,Ramesh ,
Ellie-mai,Rashid ,
Ellyse,Rebekah ,
Emmi,Roberta ,
Emy,Rochelle ,
Erna,Rodney ,
Evelyn,Roger ,
Evie,Rolf ,
Fabio,Ronnie ,
Faith,Rosanna ,
Faiyaz,Rowan ,
Faizah,Royston ,
Farhin,Ruby ,
Fatima,Shabbir ,
Fawzhiah,Shabir ,
Felicity,Shah ,
Fraya,Shuael ,
Fynley,Sidney ,
Germaine,Singh ,
Gianni,Sion ,
Grainne,Sophia ,
Gregory,Stephan ,
Habibah,Susanne ,
Halima,Tamar ,
Halyna,Tamara ,
Hamish,Tamsin ,
Hana,Tess ,
Harits,Theodore ,
Hashim,Tina ,
Hattie,Toby ,
Hazel,Tracey ,
Helen,Tyler ,
Helena,Ursula ,
Huzaifah,Warwick ,
Ian,Williams ,
Ikra,Wing ,
Ilana,Yan ,
Isobelle,Yusuf ,
Izaak,Yvette ,
Izaba,Aaran ,
Jacqueline,Abbott ,
Jadie-anne,Abid ,
Jaime-leigh,Ablett ,
Jak,Adela ,
Jamie-leigh,Adelia ,
Jayson,Adrienne ,
Jenny,Aftab ,
Jo,Aiysha ,
Joan,Aiyub ,
Joanna,Alaena ,
Jody,Alain ,
Jon,Alaric ,
Jonah,Alexandria ,
Jonathon,Alezandra ,
Jordanlee,Alissa ,
Jude,Aloysius ,
Junaid,Altaf ,
Kade,Amjed ,
Kaine,Amphery ,
Kameron,Anastasia ,
Kasey,Andre ,
Kaylam,Ange ,
Kayley,Angelika ,
Kea,Angelo ,
Keavy,Annesley ,
Keelan,Antonette ,
Kelsi,Archibald ,
Keogh,Arif ,
Kerry,Arran ,
Kerry-leanne,Asim ,
Khadeejah,Asker ,
Kiana,Asley ,
Kiel,Avieli ,
Kieren,Ayesha ,
Kipp,Azam ,
Kirsty-leigh,Balam ,
Kobi,Bano ,
Koffey,Bashir ,
Kya,Basir ,
Laya,Benedict ,
Lilly,Benoit ,
Luc,Bentley ,
Luis,Bernice ,
Luisa,Bethell ,
Lukas,Bickerdike ,
Lynell,Blue ,
Maariyah,Boston ,
Macie,Brandon ,
Madaline,Brennan ,
Maeve,Bridgette ,
Maliha,Bronwen ,
Maria,Bronwyn ,
Mariah,Buddug ,
Mariam,Bysh ,
Marnie,Cairo ,
Marny,Caitlin ,
Martin,Carissa ,
Melissa-paige,Carli ,
Mercedes,Carlton ,
Mica,Cathryn ,
Michaela,Catrin ,
Mickie,Cecelia ,
Milly,Cecilia ,
Mirza,Celia ,
Mohammod,Celleste ,
Monty,Cerise ,
Mortan,Ceylan ,
Murray,Chelsie ,
Na,Chloe ,
Nafisa,Christie ,
Nageen,Clarise ,
Nazli,Clarke ,
Nazma,Claudette ,
Neive,Claudine ,
Nikisha,Clayton ,
Nikita,Corlett ,
Noah,Corrin ,
Nozrul,Cosmo ,
Oenone,Courtnay ,
Orion,Cressida ,
Padraig,Cyle ,
Penny,Dafydd ,
Quinn,Damian ,
Ramisha,Damien ,
Raven,Damme ,
Rema,Dayne ,
Ridwan,Deanne ,
Riya,Deep ,
Rohan,Delphine ,
Rosa,Dene ,
Ruhul,Dent ,
Rumman,Derick ,
Rupert,Derrick ,
Saba,Desoky ,
Sadiyah,Domenica ,
Sally,Donice ,
Samiyah,Duffety ,
Sara,Dugald ,
Shabaan,Dutton ,
Shakeala,Eamon ,
Shealin,Eden ,
Sheikh,Edgar ,
Solomon,Eleasha ,
Spike,Eleri ,
Stacey,Elisa ,
Stefan,Elisha ,
Sumiah,Eliza ,
Susannah,Ellouise ,
Taelor,Elysia ,
Talaya,Emerson ,
Tania,Emilie ,
Tanvir,Ethel ,
Tanya,Ethne ,
Tariq,Eunice ,
Tarrick,Euwan ,
Terry,Ezra ,
Theodore,Falken ,
Tiana,Farida ,
Tico,Faruk ,
Tiegan,Faugust ,
Tito,Fawcett ,
Tori,Fflur ,
Travis,Filip ,
Tyler-jayden,Fitzbrendon ,
Umair,Fitzgerald ,
Usamah,Fleur ,
Venetia,Foden ,
Violet,Franchesca ,
Willem,Francine ,
Willis,Fraser ,
Xander,Fred ,
Zacharia,Garside ,
Zackary,Gaye ,
Zahra,Genevieve ,
Zakiah,Geraint ,
Zhakiah,Gethin ,
Aaleyah,Gilbert ,
Aamina,Gill ,
Aarron,Giovanna ,
Abbi-leigh,Glain ,
Adelaide,Gould ,
Aden,Granville ,
Agatha,Green ,
Ahad,Griffith ,
Ahida,Gunn ,
Ahmed,Gwen ,
Ailish,Hadrian ,
Alana,Harder ,
Alarna,Haroon ,
Alec,Heaton ,
Aleena,Hendrix ,
Alessandro,Heywood ,
Alex-hayden,Hilton ,
Alexis,Hinett ,
Ali,Holger ,
Alida,Huntley ,
Aliesha,Ida ,
Alisa,Ilyas ,
Alissa,Immogen ,
Aliysha,India ,
Alyssia,Ioan ,
Amaan,Islam ,
Amani,Israr ,
Amber-rose,Ivor ,
Amee-lauren,Ivy ,
Amina,Jabeen ,
Aminah,Janine ,
Anas,Jasmine ,
Anastazia,Jawad ,
Angelica,Jayce ,
Anisah,Jaye ,
Anita,Jennie ,
Antoine,Jenny ,
Antonio,Jewel ,
Antora,Jillian ,
Aodhan,Jodie ,
Arianne,Jonas ,
Arif,Jordon ,
Arjan,Josh ,
Aron,Jowett ,
Arran,Jozef ,
Arsalan,Jubaer ,
Asa,Judith ,
Asif,Junaid ,
Asim,Kara ,
Atlanta,Karina ,
Autumn,Kassandra ,
Ayna,Katerina ,
Banicos,Kathrine ,
Barney,Katy ,
Baylea,Kaut ,
Billy-boy,Kaye ,
Blaine,Kayley ,
Blue,Keiron ,
Bobby,Kelvin ,
Bradlee,Kendrick ,
Brandon-joe,Kern ,
Brannan,Khalil ,
Breaden,Khatoon ,
Breeyana,Khatun ,
Brett,Kimberly ,
Brian,Kirk ,
Brittanie,Kirstie ,
Brogan,Kouser ,
Bronwyn,Kym ,
Burhan,Lance ,
Caie,Langley ,
Cain,Latif ,
Cale,Laurie ,
Callie,Lawson ,
Cara-louise,Leckie ,
Carlton,Lee-john ,
Carrigg,Leila ,
Cassidy,Lena ,
Catie,Levine ,
Caya,Leyla ,
Cayleigh,Lia ,
Cecilia,Linden ,
Ceddina,Lindsay ,
Chae,Llwyd ,
Charley-mai,Lori ,
Charli,Louvain ,
Chelsie,Lowri ,
Chenelle,Lowy ,
Cherise,Luan ,
Chiara,Lymmia ,
Christina,Lyndon ,
Cieran,Macghillian ,
Codey,Mackenzie ,
Codi,Maclane ,
Coeby,Madelain ,
Collette,Madeleine ,
Corbin,Madog ,
Cordelia,Maeve ,
Corie,Malveen ,
Cory,Mamunul ,
Crystal,Manubhai ,
Daisy-may,Marhn ,
Daniele,Marian ,
Dante,Marianne ,
Darcey,Maribel ,
Darnell,Marshall ,
Darron,Marvin ,
Darryen,Masterman ,
Deanna,Matilda ,
Denea,Maureen ,
Diarmaid,Maverick ,
Dion,Max ,
Dolton,Mcneil ,
Domonic,Mehnaz ,
Donell,Melanie ,
Donna,Melinda ,
Dulcie,Melrose ,
Ebby,Menna ,
Eben,Mhairi ,
Eboney,Mia ,
Eesaa,Micahel ,
Eilishia,Michaiel ,
Elanor,Micheal ,
Eleesha,Millen ,
Eliesha,Miller ,
Elijah,Millicent ,
Elinor,Ming ,
Elisabeth,Mitchel ,
Elland,Mohammad ,
Ellenor,Mohi ,
Ellhana,Mohomed ,
Elli,Mohsin ,
Ellie-ann,Monique ,
Ellsa,Moosa ,
Ellysha,Morris ,
Elouise,Mostab ,
Elsie-may,Mun ,
Elviira,Munir ,
Emerald,Murdoch ,
Emme,Murphy ,
Emrah,Mustak ,
Esmae,Myfanwy ,
Ethian,Nabil ,
Evan-che,Nadire ,
Evangeline,Napoleon ,
Ezekiel,Naseem ,
Faheemah,Natallie ,
Faisal,Nazia ,
Faizan,Neale ,
Farah,Nelson ,
Farran,Nerelle ,
Fayyadh,Newman ,
Feargus,Nia ,
Finbar,Nickolas ,
Franczeska,Norris ,
Frazer,Nurith ,
Gareth,Olive ,
Gary,Olivier ,
Gavin,Paige ,
Georgia-leigh,Paresh ,
Georgia-rae,Perry ,
Georgiana,Perveen ,
Germain,Petrarca ,
Giuseppe,Phillipa ,
Glain,Piers ,
Haadiyah,Poole ,
Haaris,Power ,
Haider,Proud ,
Hajra,Qaisar ,
Hanna,Qasim ,
Hannah-louise,Radcliffe ,
Hao,Rajendra ,
Harland,Ramchandra ,
Hassan,Rathbone ,
Haydon,Reann ,
Heather-leigh,Redfern ,
Henry-james,Rees ,
Herbie,Reeves ,
Holli,Reid ,
Honor,Rhett ,
Huma,Rob ,
Hyungu,Robertson ,
Iain,Robinson ,
Idris,Roisin ,
Iesha,Roland ,
Imad,Ronen ,
Iman,Rosa ,
